<?xml version="1.0" encoding="UTF-8"?><TaskRepositories OutputVersion="2"><TaskRepository kind="githubPullRequests" url="https://github.com/jmmora1974/PHP.git/pulls/pulls" version="unknown" encoding="UTF-8" timezone="Europe/Madrid" org.eclipse.mylyn.tasklist.repositories.proxy.usedefault="true" org.eclipse.mylyn.tasklist.repositories.savePassword="false" org.eclipse.mylyn.tasklist.repositories.httpauth.savePassword="true" org.eclipse.mylyn.tasklist.repositories.proxy.savePassword="false" category="org.eclipse.mylyn.category.review" org.eclipse.mylyn.brand.id="" org.eclipse.mylyn.tasklist.repositories.enabled="true" org.eclipse.mylyn.tasklist.repositories.username="jmmora1974" label="jmmora1974/PHP.git pull requests" org.eclipse.mylyn.tasklist.repositories.proxy.hostname="" org.eclipse.mylyn.tasklist.repositories.proxy.port="" org.eclipse.mylyn.tasklist.repositories.proxy.enabled="true" org.eclipse.mylyn.tasklist.repositories.offline="false" org.eclipse.mylyn.internal.tasks.core.REPO_USE_TOKEN="true" editorExtension="none" avatarSupport="false" org.eclipse.mylyn.tasklist.repositories.configuration.timestamp="1739534651202"><Property value="unknown" key="version"/><Property value="UTF-8" key="encoding"/><Property value="Europe/Madrid" key="timezone"/><Property value="true" key="org.eclipse.mylyn.tasklist.repositories.proxy.usedefault"/><Property value="false" key="org.eclipse.mylyn.tasklist.repositories.savePassword"/><Property value="true" key="org.eclipse.mylyn.tasklist.repositories.httpauth.savePassword"/><Property value="false" key="org.eclipse.mylyn.tasklist.repositories.proxy.savePassword"/><Property value="org.eclipse.mylyn.category.review" key="category"/><Property value="" key="org.eclipse.mylyn.brand.id"/><Property value="true" key="org.eclipse.mylyn.tasklist.repositories.enabled"/><Property value="jmmora1974" key="org.eclipse.mylyn.tasklist.repositories.username"/><Property value="jmmora1974/PHP.git pull requests" key="label"/><Property value="" key="org.eclipse.mylyn.tasklist.repositories.proxy.hostname"/><Property value="" key="org.eclipse.mylyn.tasklist.repositories.proxy.port"/><Property value="true" key="org.eclipse.mylyn.tasklist.repositories.proxy.enabled"/><Property value="false" key="org.eclipse.mylyn.tasklist.repositories.offline"/><Property value="true" key="org.eclipse.mylyn.internal.tasks.core.REPO_USE_TOKEN"/><Property value="none" key="editorExtension"/><Property value="false" key="avatarSupport"/><Property value="1739534651202" key="org.eclipse.mylyn.tasklist.repositories.configuration.timestamp"/></TaskRepository><TaskRepository kind="github" url="https://github.com/eclipse-mylyn/org.eclipse.mylyn/issues" version="unknown" encoding="UTF-8" timezone="Europe/Madrid" org.eclipse.mylyn.tasklist.repositories.proxy.usedefault="true" org.eclipse.mylyn.tasklist.repositories.savePassword="true" org.eclipse.mylyn.tasklist.repositories.httpauth.savePassword="true" org.eclipse.mylyn.tasklist.repositories.proxy.savePassword="true" label="Eclipse Mylyn GitHub Issues" org.eclipse.mylyn.tasklist.repositories.template="true"><Property value="unknown" key="version"/><Property value="UTF-8" key="encoding"/><Property value="Europe/Madrid" key="timezone"/><Property value="true" key="org.eclipse.mylyn.tasklist.repositories.proxy.usedefault"/><Property value="true" key="org.eclipse.mylyn.tasklist.repositories.savePassword"/><Property value="true" key="org.eclipse.mylyn.tasklist.repositories.httpauth.savePassword"/><Property value="true" key="org.eclipse.mylyn.tasklist.repositories.proxy.savePassword"/><Property value="Eclipse Mylyn GitHub Issues" key="label"/><Property value="true" key="org.eclipse.mylyn.tasklist.repositories.template"/></TaskRepository><TaskRepository kind="github" url="https://github.com/eclipse-platform/eclipse.platform/issues" version="unknown" encoding="UTF-8" timezone="Europe/Madrid" org.eclipse.mylyn.tasklist.repositories.proxy.usedefault="true" org.eclipse.mylyn.tasklist.repositories.savePassword="true" org.eclipse.mylyn.tasklist.repositories.httpauth.savePassword="true" org.eclipse.mylyn.tasklist.repositories.proxy.savePassword="true" label="Eclipse Platform GitHub Issues" org.eclipse.mylyn.tasklist.repositories.template="true"><Property value="unknown" key="version"/><Property value="UTF-8" key="encoding"/><Property value="Europe/Madrid" key="timezone"/><Property value="true" key="org.eclipse.mylyn.tasklist.repositories.proxy.usedefault"/><Property value="true" key="org.eclipse.mylyn.tasklist.repositories.savePassword"/><Property value="true" key="org.eclipse.mylyn.tasklist.repositories.httpauth.savePassword"/><Property value="true" key="org.eclipse.mylyn.tasklist.repositories.proxy.savePassword"/><Property value="Eclipse Platform GitHub Issues" key="label"/><Property value="true" key="org.eclipse.mylyn.tasklist.repositories.template"/></TaskRepository><TaskRepository kind="github" url="https://github.com/eclipse-pde/eclipse.pde/issues" version="unknown" encoding="UTF-8" timezone="Europe/Madrid" org.eclipse.mylyn.tasklist.repositories.proxy.usedefault="true" org.eclipse.mylyn.tasklist.repositories.savePassword="true" org.eclipse.mylyn.tasklist.repositories.httpauth.savePassword="true" org.eclipse.mylyn.tasklist.repositories.proxy.savePassword="true" label="Eclipse PDE GitHub Issues" org.eclipse.mylyn.tasklist.repositories.template="true"><Property value="unknown" key="version"/><Property value="UTF-8" key="encoding"/><Property value="Europe/Madrid" key="timezone"/><Property value="true" key="org.eclipse.mylyn.tasklist.repositories.proxy.usedefault"/><Property value="true" key="org.eclipse.mylyn.tasklist.repositories.savePassword"/><Property value="true" key="org.eclipse.mylyn.tasklist.repositories.httpauth.savePassword"/><Property value="true" key="org.eclipse.mylyn.tasklist.repositories.proxy.savePassword"/><Property value="Eclipse PDE GitHub Issues" key="label"/><Property value="true" key="org.eclipse.mylyn.tasklist.repositories.template"/></TaskRepository><TaskRepository kind="local" url="local" version="1" encoding="UTF-8" timezone="Europe/Madrid" org.eclipse.mylyn.tasklist.repositories.proxy.usedefault="true" org.eclipse.mylyn.tasklist.repositories.savePassword="true" org.eclipse.mylyn.tasklist.repositories.httpauth.savePassword="true" org.eclipse.mylyn.tasklist.repositories.proxy.savePassword="true" label="Local" category="org.eclipse.mylyn.category.tasks" editorExtension="org.eclipse.mylyn.wikitext.tasks.ui.editor.textileTaskEditorExtension" avatarSupport="true"><Property value="1" key="version"/><Property value="UTF-8" key="encoding"/><Property value="Europe/Madrid" key="timezone"/><Property value="true" key="org.eclipse.mylyn.tasklist.repositories.proxy.usedefault"/><Property value="true" key="org.eclipse.mylyn.tasklist.repositories.savePassword"/><Property value="true" key="org.eclipse.mylyn.tasklist.repositories.httpauth.savePassword"/><Property value="true" key="org.eclipse.mylyn.tasklist.repositories.proxy.savePassword"/><Property value="Local" key="label"/><Property value="org.eclipse.mylyn.category.tasks" key="category"/><Property value="org.eclipse.mylyn.wikitext.tasks.ui.editor.textileTaskEditorExtension" key="editorExtension"/><Property value="true" key="avatarSupport"/></TaskRepository></TaskRepositories>